year,IPC2
1750,0.0
1751,0.0
1752,0.0
1753,0.0
1754,0.0
1755,0.0
1756,0.0
1757,0.0
1758,0.0
1759,0.0
1760,0.0
1761,0.0
1762,0.0
1763,0.0
1764,0.0
1765,0.0
1766,0.0
1767,0.0
1768,0.0
1769,0.0
1770,0.0
1771,0.0
1772,0.0
1773,0.0
1774,0.0
1775,0.0
1776,0.0
1777,0.0
1778,0.0
1779,0.0
1780,0.0
1781,0.0
1782,0.0
1783,0.0
1784,0.0
1785,0.0
1786,0.0
1787,0.0
1788,0.0
1789,0.0
1790,0.0
1791,0.0
1792,0.0
1793,0.0
1794,0.0
1795,0.0
1796,0.0
1797,0.0
1798,0.0
1799,0.0
1800,0.0
1801,0.0
1802,0.0
1803,0.0
1804,0.0
1805,0.0
1806,0.0
1807,0.0
1808,0.0
1809,0.0
1810,0.0
1811,0.0
1812,0.0
1813,0.0
1814,0.0
1815,0.0
1816,0.0
1817,0.0
1818,0.0
1819,0.0
1820,0.0
1821,0.0
1822,0.0
1823,0.0
1824,0.0
1825,0.0
1826,0.0
1827,0.0
1828,0.0
1829,0.0
1830,0.0
1831,0.0
1832,0.0
1833,0.0
1834,0.0
1835,0.0
1836,0.0
1837,0.0
1838,0.0
1839,0.0
1840,0.0
1841,0.0
1842,0.0
1843,0.0
1844,0.0
1845,0.0
1846,0.0
1847,0.0
1848,0.0
1849,0.0
1850,0.0
1851,0.0
1852,0.0
1853,0.0
1854,0.0
1855,0.0
1856,0.0
1857,0.0
1858,0.0
1859,0.0
1860,0.0
1861,0.0
1862,0.0
1863,0.0
1864,0.0
1865,0.0
1866,0.0
1867,0.0
1868,0.0
1869,0.0
1870,0.0
1871,0.0
1872,0.0
1873,0.0
1874,0.0
1875,0.0
1876,0.0
1877,0.0
1878,0.0
1879,0.0
1880,0.0
1881,0.0
1882,0.0
1883,0.0
1884,0.0
1885,0.0
1886,0.0
1887,0.0
1888,0.0
1889,0.0
1890,0.0
1891,0.0
1892,0.0
1893,0.0
1894,0.0
1895,0.0
1896,0.0
1897,0.0
1898,0.0
1899,0.0
1900,0.0
1901,0.0
1902,0.0
1903,0.0
1904,0.0
1905,0.0
1906,0.0
1907,0.0
1908,0.0
1909,0.0
1910,0.0
1911,0.0
1912,0.0
1913,0.0
1914,0.0
1915,0.0
1916,0.0
1917,0.0
1918,0.0
1919,0.0
1920,0.0
1921,1.7499999999999998e-08
1922,6.5e-08
1923,1.35e-07
1924,2.2e-07
1925,3.13e-07
1926,4.05e-07
1927,4.9e-07
1928,5.599999999999999e-07
1929,6.08e-07
1930,6.25e-07
1931,6.11e-07
1932,5.730000000000001e-07
1933,5.16e-07
1934,4.47e-07
1935,3.73e-07
1936,2.98e-07
1937,2.29e-07
1938,1.73e-07
1939,1.34e-07
1940,1.2000000000000002e-07
1941,1.22e-07
1942,1.29e-07
1943,1.3999999999999998e-07
1944,1.54e-07
1945,1.71e-07
1946,1.9e-07
1947,2.11e-07
1948,2.32e-07
1949,2.5399999999999997e-07
1950,2.76e-07
1951,3e-07
1952,3.2600000000000003e-07
1953,3.5399999999999997e-07
1954,3.86e-07
1955,4.2099999999999997e-07
1956,4.58e-07
1957,4.979999999999999e-07
1958,5.41e-07
1959,5.87e-07
1960,6.359999999999999e-07
1961,6.91e-07
1962,7.56e-07
1963,8.29e-07
1964,9.12e-07
1965,1e-06
1966,1.1e-06
1967,1.2099999999999998e-06
1968,1.32e-06
1969,1.4400000000000002e-06
1970,1.57e-06
1971,1.71e-06
1972,1.89e-06
1973,2.1e-06
1974,2.32e-06
1975,2.56e-06
1976,2.81e-06
1977,3.06e-06
1978,3.31e-06
1979,3.54e-06
1980,3.76e-06
1981,3.969999999999999e-06
1982,4.16e-06
1983,4.36e-06
1984,4.5500000000000005e-06
1985,4.75e-06
1986,4.95e-06
1987,5.16e-06
1988,5.38e-06
1989,5.6299999999999995e-06
1990,5.6100000000000005e-06
1991,3.65e-05
1992,5.7799999999999995e-05
1993,9.329999999999999e-05
1994,0.000219
1995,0.000377
1996,0.0005909999999999999
1997,0.000816
1998,0.00111
1999,0.0016200000000000001
2000,0.00294
2001,0.004030000000000001
2002,0.00507
2003,0.00626
2004,0.00747
2005,0.008919999999999999
2006,0.0111
2007,0.0129
2008,0.0144
2009,0.0157
2010,0.016800000000000002
2011,0.0178
2012,0.018600000000000002
2013,0.0193
2014,0.0198
2015,0.020300000000000002
2016,0.0207
2017,0.0211
2018,0.0381
2019,0.0334
2020,0.0297
2021,0.0275
2022,0.0263
2023,0.0256
2024,0.027399999999999997
2025,0.0253
