year,IPC1,IPC2,IPC4,IPCMAG
1750,0.0,0.0,0.0,0.0
1751,0.0,0.0,0.0,0.0
1752,0.0,0.0,0.0,0.0
1753,0.0,0.0,0.0,0.0
1754,0.0,0.0,0.0,0.0
1755,0.0,0.0,0.0,0.0
1756,0.0,0.0,0.0,0.0
1757,0.0,0.0,0.0,0.0
1758,0.0,0.0,0.0,0.0
1759,0.0,0.0,0.0,0.0
1760,0.0,0.0,0.0,0.0
1761,0.0,0.0,0.0,0.0
1762,0.0,0.0,0.0,0.0
1763,0.0,0.0,0.0,0.0
1764,0.0,0.0,0.0,0.0
1765,0.0,0.0,0.0,0.0
1766,0.0,0.0,0.0,0.0
1767,0.0,0.0,0.0,0.0
1768,0.0,0.0,0.0,0.0
1769,0.0,0.0,0.0,0.0
1770,0.0,0.0,0.0,0.0
1771,0.0,0.0,0.0,0.0
1772,0.0,0.0,0.0,0.0
1773,0.0,0.0,0.0,0.0
1774,0.0,0.0,0.0,0.0
1775,0.0,0.0,0.0,0.0
1776,0.0,0.0,0.0,0.0
1777,0.0,0.0,0.0,0.0
1778,0.0,0.0,0.0,0.0
1779,0.0,0.0,0.0,0.0
1780,0.0,0.0,0.0,0.0
1781,0.0,0.0,0.0,0.0
1782,0.0,0.0,0.0,0.0
1783,0.0,0.0,0.0,0.0
1784,0.0,0.0,0.0,0.0
1785,0.0,0.0,0.0,0.0
1786,0.0,0.0,0.0,0.0
1787,0.0,0.0,0.0,0.0
1788,0.0,0.0,0.0,0.0
1789,0.0,0.0,0.0,0.0
1790,0.0,0.0,0.0,0.0
1791,0.0,0.0,0.0,0.0
1792,0.0,0.0,0.0,0.0
1793,0.0,0.0,0.0,0.0
1794,0.0,0.0,0.0,0.0
1795,0.0,0.0,0.0,0.0
1796,0.0,0.0,0.0,0.0
1797,0.0,0.0,0.0,0.0
1798,0.0,0.0,0.0,0.0
1799,0.0,0.0,0.0,0.0
1800,0.0,0.0,0.0,0.0
1801,0.0,0.0,0.0,0.0
1802,0.0,0.0,0.0,0.0
1803,0.0,0.0,0.0,0.0
1804,0.0,0.0,0.0,0.0
1805,0.0,0.0,0.0,0.0
1806,0.0,0.0,0.0,0.0
1807,0.0,0.0,0.0,0.0
1808,0.0,0.0,0.0,0.0
1809,0.0,0.0,0.0,0.0
1810,0.0,0.0,0.0,0.0
1811,0.0,0.0,0.0,0.0
1812,0.0,0.0,0.0,0.0
1813,0.0,0.0,0.0,0.0
1814,0.0,0.0,0.0,0.0
1815,0.0,0.0,0.0,0.0
1816,0.0,0.0,0.0,0.0
1817,0.0,0.0,0.0,0.0
1818,0.0,0.0,0.0,0.0
1819,0.0,0.0,0.0,0.0
1820,0.0,0.0,0.0,0.0
1821,0.0,0.0,0.0,0.0
1822,0.0,0.0,0.0,0.0
1823,0.0,0.0,0.0,0.0
1824,0.0,0.0,0.0,0.0
1825,0.0,0.0,0.0,0.0
1826,0.0,0.0,0.0,0.0
1827,0.0,0.0,0.0,0.0
1828,0.0,0.0,0.0,0.0
1829,0.0,0.0,0.0,0.0
1830,0.0,0.0,0.0,0.0
1831,0.0,0.0,0.0,0.0
1832,0.0,0.0,0.0,0.0
1833,0.0,0.0,0.0,0.0
1834,0.0,0.0,0.0,0.0
1835,0.0,0.0,0.0,0.0
1836,0.0,0.0,0.0,0.0
1837,0.0,0.0,0.0,0.0
1838,0.0,0.0,0.0,0.0
1839,0.0,0.0,0.0,0.0
1840,0.0,0.0,0.0,0.0
1841,0.0,0.0,0.0,0.0
1842,0.0,0.0,0.0,0.0
1843,0.0,0.0,0.0,0.0
1844,0.0,0.0,0.0,0.0
1845,0.0,0.0,0.0,0.0
1846,0.0,0.0,0.0,0.0
1847,0.0,0.0,0.0,0.0
1848,0.0,0.0,0.0,0.0
1849,0.0,0.0,0.0,0.0
1850,0.0,0.0,0.0,0.0
1851,0.0,0.0,0.0,0.0
1852,0.0,0.0,0.0,0.0
1853,0.0,0.0,0.0,0.0
1854,0.0,0.0,0.0,0.0
1855,0.0,0.0,0.0,0.0
1856,0.0,0.0,0.0,0.0
1857,0.0,0.0,0.0,0.0
1858,0.0,0.0,0.0,0.0
1859,0.0,0.0,0.0,0.0
1860,0.0,0.0,0.0,0.0
1861,0.0,0.0,0.0,0.0
1862,0.0,0.0,0.0,0.0
1863,0.0,0.0,0.0,0.0
1864,0.0,0.0,0.0,0.0
1865,0.16,0.00040899999999999997,0.0,0.0
1866,0.223,0.000569,0.0,0.0
1867,0.242,0.000619,0.0,0.0
1868,0.188,0.000479,0.0,0.0
1869,0.285,0.000728,0.0,0.0
1870,0.168,0.000429,0.0,0.0
1871,0.211,0.000539,0.0,0.0
1872,0.262,0.000669,0.0,0.0
1873,0.254,0.0006490000000000001,0.0,0.0
1874,0.274,0.000699,0.0,0.0
1875,0.375,0.000958,0.0,0.0
1876,0.293,0.000748,0.0,0.0
1877,0.477,0.00122,0.0,0.0
1878,0.348,0.000888,0.0,0.0
1879,0.133,0.000339,0.0,0.0
1880,0.149,0.000379,0.0,0.0
1881,0.195,0.000499,0.0,0.0
1882,0.164,0.000419,0.0,0.0
1883,0.172,0.000439,0.0,0.0
1884,0.188,0.000479,0.0,0.0
1885,0.207,0.0005290000000000001,0.0,0.0
1886,0.145,0.00036899999999999997,0.0,0.0
1887,0.262,0.000669,0.0,0.0
1888,0.285,0.000728,0.0,0.0
1889,0.43,0.0011,0.0,0.0
1890,0.391,0.000998,0.0,0.0
1891,0.43,0.0011,0.0,0.0
1892,0.438,0.0011200000000000001,0.0,0.0
1893,0.454,0.00116,0.0,0.0
1894,0.418,0.00107,0.0,0.0
1895,0.399,0.00102,0.0,0.0
1896,0.473,0.00121,0.0,0.0
1897,0.336,0.000858,0.0,0.0
1898,0.559,0.0014299999999999998,0.0,0.0
1899,0.716,0.00183,0.0,0.0
1900,1.11,0.00282,0.0,0.0
1901,1.01,0.0025800000000000003,0.0,0.0
1902,1.12,0.00285,0.0,0.0
1903,1.29,0.00328,0.0,0.0
1904,1.46,0.00372,0.0,0.0
1905,1.63,0.00417,0.0,0.0
1906,1.69,0.0043,0.0,0.0
1907,2.01,0.00512,0.0,0.0
1908,1.84,0.004690000000000001,0.0,0.0
1909,2.09,0.00533,0.0,0.0
1910,2.01,0.00513,0.0,0.0
1911,2.38,0.00607,0.0,0.0
1912,2.13,0.00544,0.0,0.0
1913,2.17,0.00555,0.0,0.0
1914,1.78,0.00453,0.0,0.0
1915,1.11,0.00282,0.0,0.0
1916,0.547,0.0014,0.0,0.0
1917,0.418,0.00107,0.0,0.0
1918,0.489,0.00125,0.0,0.0
1919,1.0,0.0025499999999999997,0.0,0.0
1920,1.5,0.00382,0.0,0.0
1921,0.899,0.0023,0.0,0.0
1922,1.08,0.00275,0.0,0.0
1923,1.57,0.00401,0.0,0.0
1924,2.62,0.006679999999999999,0.0,0.0
1925,2.53,0.00645,0.0,0.0
1926,3.21,0.00819,0.0,0.0
1927,3.5,0.00893,0.0,0.0
1928,3.3,0.0375,0.0,0.0
1929,3.75,0.0423,0.0,0.0
1930,4.21,0.039799999999999995,0.0,0.0
1931,4.15,0.061399999999999996,0.0,0.0
1932,4.21,0.06520000000000001,0.0,0.0
1933,4.91,0.0707,0.0,0.0
1934,6.09,0.0991,0.0,0.0
1935,6.26,0.0814,0.0,0.0
1936,6.19,0.0848,0.0,0.0
1937,4.42,0.117,0.0,0.0
1938,4.8,0.143,0.0,0.0
1939,5.08,0.155,0.0,0.0
1940,5.69,0.145,0.0,0.0
1941,5.85,0.15,0.0,0.0
1942,5.16,0.119,0.0,0.0
1943,6.44,0.1,0.0,0.0
1944,7.34,0.16,0.0,0.0
1945,7.43,0.167,0.0,0.0
1946,7.35,0.192,0.0,0.0
1947,7.84,0.216,0.0,0.0
1948,8.09,0.221,0.0,0.0
1949,8.38,0.246,0.0,0.0
1950,9.82,0.312,0.0,0.0
1951,10.5,0.338,0.0,0.0
1952,10.8,0.393,0.0,0.0
1953,13.4,0.478,0.0,0.0
1954,13.8,0.589,0.0,0.0
1955,13.9,0.677,0.0,0.0
1956,14.7,0.775,0.0,0.0
1957,16.3,0.971,0.0,0.0
1958,16.3,1.1,0.0,0.0
1959,17.3,1.3,0.0,0.0
1960,16.8,1.44,0.0,0.0
1961,17.2,1.5,0.0,0.0
1962,21.5,1.84,0.0,0.0
1963,22.6,2.07,0.0,0.0
1964,26.2,2.37,0.0,0.0
1965,27.1,2.65,0.0,0.0
1966,31.1,3.12,0.0,0.0
1967,32.9,3.4,0.0,0.0
1968,35.3,3.74,0.0,0.0
1969,37.5,4.38,0.0,0.0
1970,40.3,4.49,0.00861,0.718
1971,44.5,4.97,0.00916,0.718
1972,50.0,5.68,0.00973,0.718
1973,55.5,6.06,0.0103,0.718
1974,57.2,6.02,0.011,0.494
1975,61.1,6.8,0.0116,0.738
1976,67.8,7.49,0.0123,1.02
1977,76.8,8.25,0.0129,0.964
1978,68.9,9.2,0.0136,0.981
1979,68.0,8.01,0.0143,1.29
1980,68.2,7.55,0.015,1.19
1981,71.4,8.46,0.0162,0.968
1982,78.1,8.76,0.0175,1.06
1983,82.8,7.85,0.0189,1.15
1984,87.2,9.1,0.020300000000000002,1.07
1985,97.2,9.87,0.0218,0.998
1986,107.0,12.1,0.0232,1.08
1987,119.0,11.9,0.0246,1.23
1988,115.0,12.0,0.0261,1.1
1989,127.0,13.3,0.027600000000000003,1.2
1990,139.0,19.1,0.0291,1.29
1991,140.0,15.3,0.0293,1.42
1992,143.0,16.6,0.030699999999999998,1.47
1993,147.0,16.5,0.0316,1.49
1994,147.0,17.2,0.032600000000000004,1.02
1995,161.0,17.8,0.0312,1.17
1996,175.0,18.6,0.0353,1.26
1997,186.0,19.3,0.0525,1.41
1998,188.0,19.7,0.0338,1.76
1999,185.0,18.3,0.0319,2.02
2000,203.0,18.9,0.032799999999999996,1.67
2001,184.0,18.5,0.0339,1.6
2002,194.0,19.0,0.022600000000000002,1.75
2003,206.0,19.6,0.0275,2.01
2004,211.0,21.2,0.0115,2.07
2005,221.0,22.7,0.0211,2.12
2006,245.0,25.3,0.0295,2.27
2007,266.0,27.6,0.029,2.12
2008,265.0,29.6,0.0269,1.78
2009,261.0,32.9,0.0215,2.5
2010,272.0,36.8,0.0145,2.33
2011,297.0,37.6,0.011699999999999999,2.11
2012,305.0,37.5,0.00917,2.45
2013,300.0,40.2,0.00484,2.76
2014,320.0,40.5,0.00041299999999999996,2.52
2015,327.0,40.9,0.0005729999999999999,2.52
2016,348.0,43.4,0.0007379999999999999,3.31
2017,378.0,45.5,0.000661,2.7
2018,370.0,46.3,0.000481,2.23
2019,364.0,39.2,0.00111,2.35
2020,360.0,48.0,0.00173,2.99
2021,394.0,53.1,0.00222,2.31
2022,383.0,47.8,0.00283,2.13
2023,377.0,47.9,0.00327,2.17
2024,395.0,50.5,0.00377,2.12
2025,411.0,50.5,0.00431,1.78
