year,IPC1,IPC2,IPC4,IPC5,IPCMAG
1750,1.6,0.0,0.441,9.05e-19,1.47
1751,1.6,0.0,0.441,0.000679,1.47
1752,1.6,0.0,0.44,0.00136,1.47
1753,1.6,0.0,0.44,0.00204,1.47
1754,1.59,0.0,0.439,0.00271,1.47
1755,1.59,0.0,0.439,0.0033900000000000002,1.47
1756,1.59,0.0,0.438,0.004070000000000001,1.47
1757,1.59,0.0,0.438,0.00475,1.46
1758,1.58,0.0,0.438,0.00543,1.46
1759,1.58,0.0,0.437,0.00611,1.46
1760,1.58,0.0,0.437,0.00679,1.46
1761,1.58,0.0,0.436,0.00747,1.46
1762,1.57,0.0,0.436,0.008140000000000001,1.46
1763,1.57,0.0,0.435,0.00882,1.46
1764,1.57,0.0,0.435,0.0095,1.45
1765,1.57,0.0,0.435,0.010199999999999999,1.45
1766,1.56,0.0,0.434,0.0109,1.45
1767,1.56,0.0,0.434,0.0115,1.45
1768,1.56,0.0,0.433,0.012199999999999999,1.45
1769,1.56,0.0,0.433,0.0129,1.45
1770,1.55,0.0,0.432,0.0136,1.45
1771,1.55,0.0,0.432,0.0143,1.44
1772,1.55,0.0,0.432,0.0149,1.44
1773,1.55,0.0,0.431,0.0156,1.44
1774,1.54,0.0,0.431,0.016300000000000002,1.44
1775,1.54,0.0,0.43,0.017,1.44
1776,1.54,0.0,0.43,0.0176,1.44
1777,1.54,0.0,0.429,0.0183,1.44
1778,1.53,0.0,0.429,0.019,1.43
1779,1.53,0.0,0.429,0.0197,1.43
1780,1.53,0.0,0.428,0.020399999999999998,1.43
1781,1.53,0.0,0.428,0.021,1.43
1782,1.52,0.0,0.427,0.0217,1.43
1783,1.52,0.0,0.427,0.0224,1.43
1784,1.52,0.0,0.426,0.023100000000000002,1.43
1785,1.52,0.0,0.426,0.0238,1.42
1786,1.51,0.0,0.426,0.024399999999999998,1.42
1787,1.51,0.0,0.425,0.0251,1.42
1788,1.51,0.0,0.425,0.0258,1.42
1789,1.51,0.0,0.424,0.0265,1.42
1790,1.5,0.0,0.424,0.027100000000000003,1.42
1791,1.5,0.0,0.423,0.027800000000000002,1.42
1792,1.5,0.0,0.423,0.0285,1.41
1793,1.5,0.0,0.423,0.0292,1.41
1794,1.49,0.0,0.422,0.0299,1.41
1795,1.49,0.0,0.422,0.0305,1.41
1796,1.49,0.0,0.421,0.0312,1.41
1797,1.49,0.0,0.421,0.0319,1.41
1798,1.48,0.0,0.421,0.032600000000000004,1.41
1799,1.48,0.0,0.42,0.033299999999999996,1.4
1800,1.48,0.0,0.42,0.0339,1.4
1801,1.47,0.0,0.419,0.0346,1.4
1802,1.47,0.0,0.419,0.0353,1.4
1803,1.47,0.0,0.418,0.036,1.4
1804,1.47,0.0,0.418,0.0367,1.4
1805,1.46,0.0,0.418,0.0373,1.4
1806,1.46,0.0,0.417,0.038,1.39
1807,1.46,0.0,0.417,0.038700000000000005,1.39
1808,1.46,0.0,0.416,0.0394,1.39
1809,1.45,0.0,0.416,0.04,1.39
1810,1.45,0.0,0.416,0.0407,1.39
1811,1.46,0.0,0.417,0.0414,1.39
1812,1.46,0.0,0.419,0.0421,1.4
1813,1.46,0.0,0.42,0.0428,1.41
1814,1.47,0.0,0.422,0.0434,1.41
1815,1.47,0.0,0.424,0.0441,1.42
1816,1.48,0.0,0.425,0.0448,1.42
1817,1.48,0.0,0.427,0.0455,1.43
1818,1.49,0.0,0.429,0.046200000000000005,1.43
1819,1.49,0.0,0.43,0.046799999999999994,1.44
1820,1.49,0.0,0.432,0.0475,1.44
1821,1.5,0.0,0.434,0.0482,1.45
1822,1.5,0.0,0.435,0.0489,1.46
1823,1.51,0.0,0.437,0.0495,1.46
1824,1.51,0.0,0.439,0.0502,1.47
1825,1.52,0.0,0.44,0.0509,1.47
1826,1.52,0.0,0.442,0.0516,1.48
1827,1.52,0.0,0.444,0.0523,1.48
1828,1.53,0.0,0.446,0.052899999999999996,1.49
1829,1.53,0.0,0.447,0.0536,1.5
1830,1.54,0.0,0.449,0.054299999999999994,1.5
1831,1.54,0.0,0.451,0.055,1.51
1832,1.55,0.0,0.453,0.0557,1.51
1833,1.55,0.0,0.454,0.056299999999999996,1.52
1834,1.55,0.0,0.456,0.057,1.53
1835,1.56,0.0,0.458,0.0577,1.53
1836,1.56,0.0,0.46,0.0584,1.54
1837,1.57,0.0,0.461,0.0591,1.54
1838,1.57,0.0,0.463,0.0597,1.55
1839,1.58,0.0,0.465,0.060399999999999995,1.55
1840,1.58,0.0,0.467,0.0611,1.56
1841,1.58,0.0,0.469,0.061799999999999994,1.57
1842,1.59,0.0,0.47,0.0624,1.57
1843,1.59,0.0,0.472,0.0631,1.58
1844,1.6,0.0,0.474,0.0638,1.59
1845,1.6,0.0,0.476,0.0645,1.59
1846,1.6,0.0,0.478,0.06520000000000001,1.6
1847,1.61,0.0,0.48,0.0658,1.6
1848,1.61,0.0,0.482,0.0665,1.61
1849,1.62,0.0,0.483,0.06720000000000001,1.62
1850,1.63,0.00195,0.484,0.0679,1.61
1851,1.63,0.00195,0.487,0.0686,1.63
1852,1.65,0.00195,0.49,0.0692,1.64
1853,1.68,0.00195,0.492,0.0699,1.65
1854,1.71,0.00195,0.494,0.0706,1.66
1855,1.74,0.00195,0.497,0.0713,1.68
1856,1.73,0.00195,0.499,0.0719,1.69
1857,1.76,0.00195,0.501,0.0726,1.7
1858,1.79,0.00195,0.504,0.0733,1.71
1859,1.82,0.00195,0.506,0.074,1.71
1860,1.84,0.00195,0.508,0.0747,1.72
1861,1.87,0.00195,0.514,0.07529999999999999,1.74
1862,1.91,0.00195,0.521,0.076,1.76
1863,1.94,0.00195,0.528,0.0767,1.78
1864,1.97,0.00195,0.534,0.07740000000000001,1.79
1865,2.0,0.00195,0.541,0.07809999999999999,1.81
1866,1.99,0.00195,0.548,0.0787,1.83
1867,2.02,0.00195,0.554,0.07940000000000001,1.85
1868,2.05,0.00195,0.561,0.08009999999999999,1.87
1869,2.09,0.00195,0.568,0.0808,1.89
1870,2.12,0.00195,0.574,0.0814,1.91
1871,2.37,0.00195,0.583,0.08209999999999999,1.93
1872,2.19,0.00195,0.592,0.0828,1.97
1873,2.22,0.00195,0.602,0.0835,2.02
1874,2.26,0.00195,0.613,0.0842,2.08
1875,2.29,0.00195,0.624,0.0848,2.14
1876,2.33,0.00195,0.636,0.0855,2.2
1877,2.36,0.00195,0.647,0.0862,2.25
1878,2.4,0.00195,0.657,0.0869,2.31
1879,2.44,0.00195,0.667,0.0876,2.35
1880,2.48,0.00195,0.676,0.0882,2.39
1881,2.52,0.00195,0.701,0.0889,2.46
1882,2.55,0.00195,0.725,0.0896,2.53
1883,2.59,0.00195,0.75,0.09029999999999999,2.61
1884,2.61,0.00195,0.774,0.091,2.68
1885,2.64,0.00195,0.798,0.0916,2.74
1886,2.68,0.00195,0.822,0.0923,2.81
1887,2.71,0.00195,0.846,0.093,2.88
1888,2.75,0.00195,0.87,0.0937,2.95
1889,2.79,0.00195,0.894,0.0943,3.02
1890,2.82,0.00195,0.919,0.095,3.13
1891,2.86,0.00228,0.937,0.09570000000000001,3.18
1892,2.9,0.0032,0.956,0.0964,3.24
1893,2.94,0.0045899999999999995,0.975,0.09709999999999999,3.3
1894,2.98,0.00633,0.993,0.09770000000000001,3.36
1895,3.02,0.008320000000000001,1.01,0.0984,3.42
1896,3.06,0.0104,1.03,0.0991,3.48
1897,3.09,0.0126,1.05,0.0998,3.53
1898,3.13,0.0146,1.07,0.1,3.59
1899,3.18,0.016399999999999998,1.09,0.101,3.65
1900,3.22,0.0179,1.11,0.102,3.71
1901,3.27,0.019100000000000002,1.12,0.102,3.76
1902,3.31,0.0202,1.14,0.103,3.81
1903,3.35,0.0212,1.15,0.104,3.85
1904,3.4,0.0222,1.16,0.105,3.9
1905,3.45,0.023100000000000002,1.18,0.105,3.94
1906,3.5,0.0241,1.19,0.106,3.99
1907,3.55,0.0251,1.21,0.107,4.04
1908,3.59,0.0261,1.22,0.107,4.09
1909,3.64,0.0273,1.24,0.108,4.14
1910,3.68,0.0286,1.25,0.109,4.2
1911,3.73,0.03,1.27,0.109,4.26
1912,3.89,0.032299999999999995,1.28,0.11,4.34
1913,3.86,0.0334,1.3,0.111,4.43
1914,4.25,0.0378,1.31,0.111,4.54
1915,4.02,0.0373,1.33,0.112,4.64
1916,4.21,0.040100000000000004,1.34,0.113,4.76
1917,4.65,0.0445,1.36,0.113,4.87
1918,5.41,0.0512,1.37,0.114,4.99
1919,5.16,0.0514,1.39,0.115,5.1
1920,4.81,0.0512,1.4,0.115,5.2
1921,5.02,0.061,1.42,0.116,5.31
1922,5.02,0.08109999999999999,1.43,0.117,5.42
1923,4.95,0.11,1.45,0.117,5.54
1924,5.04,0.147,1.46,0.118,5.67
1925,5.17,0.189,1.48,0.119,5.78
1926,5.17,0.234,1.5,0.119,5.9
1927,5.27,0.34,1.51,0.12,6.0
1928,5.73,0.369,1.53,0.121,6.09
1929,5.79,0.452,1.54,0.121,6.16
1930,5.88,0.547,1.56,0.122,6.21
1931,5.94,0.554,1.58,0.123,6.26
1932,5.89,0.603,1.6,0.124,6.29
1933,5.75,0.684,1.62,0.124,6.31
1934,5.7,0.757,1.64,0.125,6.32
1935,5.53,0.875,1.66,0.126,6.33
1936,5.55,0.932,1.68,0.126,6.33
1937,5.49,1.01,1.7,0.127,6.33
1938,5.73,1.11,1.73,0.128,6.34
1939,7.91,1.2,1.75,0.128,6.37
1940,9.18,1.28,1.77,0.129,6.41
1941,10.6,1.39,1.83,0.13,6.7
1942,10.3,1.46,1.89,0.13,7.35
1943,10.7,1.5,1.96,0.131,8.27
1944,10.9,1.63,2.03,0.132,9.36
1945,10.7,1.72,2.2,0.132,10.5
1946,10.1,1.87,2.37,0.133,11.7
1947,10.2,1.98,2.55,0.134,12.8
1948,12.6,2.13,2.74,0.134,13.7
1949,14.3,2.27,2.93,0.135,14.4
1950,17.5,2.49,3.13,0.136,14.7
1951,17.7,2.63,3.35,0.136,14.8
1952,17.9,2.57,3.57,0.137,14.7
1953,17.4,2.65,3.82,0.138,14.4
1954,18.1,2.87,4.07,0.138,14.1
1955,16.5,2.93,4.34,0.139,13.7
1956,15.3,2.98,4.63,0.14,13.3
1957,17.5,3.16,4.93,0.141,13.0
1958,19.5,3.32,5.25,0.141,12.8
1959,17.8,3.43,5.58,0.142,12.7
1960,21.6,3.7,5.94,0.143,12.8
1961,22.5,3.91,6.31,0.143,13.4
1962,24.0,4.12,6.71,0.144,14.5
1963,27.3,4.45,7.12,0.145,15.2
1964,31.7,4.81,7.55,0.145,15.7
1965,33.9,4.95,8.0,0.146,15.8
1966,32.2,5.12,8.47,0.147,15.5
1967,23.1,5.68,8.96,0.147,16.4
1968,26.5,6.2,9.46,0.148,18.8
1969,20.1,6.78,9.97,0.149,19.3
1970,22.2,6.75,11.0,0.224,20.6
1971,23.4,6.91,10.4,0.226,20.6
1972,25.9,7.01,10.7,0.241,21.2
1973,24.2,7.2,10.9,0.236,20.9
1974,26.9,7.36,11.2,0.253,21.2
1975,32.2,7.42,11.5,0.261,21.9
1976,35.6,8.16,11.8,0.282,22.3
1977,40.3,8.56,12.1,0.297,22.5
1978,42.2,8.8,12.4,0.306,23.3
1979,47.2,9.04,12.8,0.32,23.7
1980,50.9,9.01,13.2,0.361,24.2
1981,57.1,9.49,13.5,0.413,24.6
1982,62.0,9.22,13.9,0.442,25.8
1983,62.3,9.93,14.2,0.478,25.4
1984,69.5,10.2,14.6,0.507,25.4
1985,71.3,9.88,14.9,0.527,25.9
1986,81.3,10.1,15.3,0.538,28.9
1987,80.5,11.3,15.7,0.575,29.6
1988,81.0,11.6,16.0,0.59,30.5
1989,77.5,12.2,16.3,0.593,30.6
1990,81.4,12.5,16.7,0.612,31.8
1991,80.8,13.3,17.0,0.609,32.0
1992,83.6,14.3,17.4,0.615,32.2
1993,85.7,15.2,17.8,0.621,32.4
1994,79.3,16.1,18.3,0.604,32.6
1995,83.6,17.9,18.7,0.626,32.8
1996,88.2,18.6,19.1,0.632,33.0
1997,94.3,19.5,19.6,0.718,33.2
1998,100.0,20.3,20.0,0.749,33.4
1999,104.0,21.2,20.5,0.742,33.1
2000,100.0,22.2,21.0,0.75,33.2
2001,111.0,22.7,21.5,0.742,33.7
2002,114.0,24.4,22.0,0.758,34.2
2003,116.0,23.7,22.5,0.765,34.5
2004,126.0,24.1,23.0,0.797,35.1
2005,141.0,26.3,23.6,0.799,40.5
2006,149.0,28.9,24.3,0.866,41.1
2007,160.0,31.1,25.9,0.931,41.7
2008,166.0,28.4,26.7,0.946,42.4
2009,170.0,33.0,26.3,0.98,40.2
2010,171.0,33.4,28.5,1.04,39.8
2011,177.0,32.9,28.5,1.03,42.6
2012,184.0,30.5,29.3,1.09,42.0
2013,185.0,34.2,29.8,1.13,41.3
2014,190.0,34.9,30.3,1.19,41.7
2015,218.0,39.5,30.9,1.26,42.3
2016,225.0,43.3,31.7,1.38,44.4
2017,228.0,47.3,33.8,1.39,43.5
2018,235.0,48.0,35.6,1.37,42.8
2019,225.0,46.9,36.1,1.24,36.8
2020,218.0,46.5,34.9,1.23,39.6
2021,235.0,52.1,34.7,1.39,43.2
2022,254.0,53.3,34.8,1.41,42.9
2023,249.0,53.2,35.5,1.5,43.0
2024,255.0,58.1,36.1,1.61,42.3
2025,258.0,63.5,36.1,1.69,43.8
