year,IPC1,IPC2,IPCMAG
1750,0.0,0.0,0.0
1751,0.0,0.0,0.0
1752,0.0,0.0,0.0
1753,0.0,0.0,0.0
1754,0.0,0.0,0.0
1755,0.0,0.0,0.0
1756,0.0,0.0,0.0
1757,0.0,0.0,0.0
1758,0.0,0.0,0.0
1759,0.0,0.0,0.0
1760,0.0,0.0,0.0
1761,0.0,0.0,0.0
1762,0.0,0.0,0.0
1763,0.0,0.0,0.0
1764,0.0,0.0,0.0
1765,0.0,0.0,0.0
1766,0.0,0.0,0.0
1767,0.0,0.0,0.0
1768,0.0,0.0,0.0
1769,0.0,0.0,0.0
1770,0.0,0.0,0.0
1771,0.0,0.0,0.0
1772,0.0,0.0,0.0
1773,0.0,0.0,0.0
1774,0.0,0.0,0.0
1775,0.0,0.0,0.0
1776,0.0,0.0,0.0
1777,0.0,0.0,0.0
1778,0.0,0.0,0.0
1779,0.0,0.0,0.0
1780,0.0,0.0,0.0
1781,0.0,0.0,0.0
1782,0.0,0.0,0.0
1783,0.0,0.0,0.0
1784,0.0,0.0,0.0
1785,0.0,0.0,0.0
1786,0.0,0.0,0.0
1787,0.0,0.0,0.0
1788,0.0,0.0,0.0
1789,0.0,0.0,0.0
1790,0.0,0.0,0.0
1791,0.0,0.0,0.0
1792,0.0,0.0,0.0
1793,0.0,0.0,0.0
1794,0.0,0.0,0.0
1795,0.0,0.0,0.0
1796,0.0,0.0,0.0
1797,0.0,0.0,0.0
1798,0.0,0.0,0.0
1799,0.0,0.0,0.0
1800,0.0,0.0,0.0
1801,0.0,0.0,0.0
1802,0.0,0.0,0.0
1803,0.0,0.0,0.0
1804,0.0,0.0,0.0
1805,0.0,0.0,0.0
1806,0.0,0.0,0.0
1807,0.0,0.0,0.0
1808,0.0,0.0,0.0
1809,0.0,0.0,0.0
1810,0.0,0.0,0.0
1811,0.0,0.0,0.0
1812,0.0,0.0,0.0
1813,0.0,0.0,0.0
1814,0.0,0.0,0.0
1815,0.0,0.0,0.0
1816,0.0,0.0,0.0
1817,0.0,0.0,0.0
1818,0.0,0.0,0.0
1819,0.0,0.0,0.0
1820,0.0,0.0,0.0
1821,0.0,0.0,0.0
1822,0.0,0.0,0.0
1823,0.0,0.0,0.0
1824,0.0,0.0,0.0
1825,0.0,0.0,0.0
1826,0.0,0.0,0.0
1827,0.0,0.0,0.0
1828,0.0,0.0,0.0
1829,0.0,0.0,0.0
1830,0.0,0.0,0.0
1831,0.0,0.0,0.0
1832,0.0,0.0,0.0
1833,0.0,0.0,0.0
1834,0.0,0.0,0.0
1835,0.0,0.0,0.0
1836,0.0,0.0,0.0
1837,0.0,0.0,0.0
1838,0.0,0.0,0.0
1839,0.0,0.0,0.0
1840,0.0,0.0,0.0
1841,0.0,0.0,0.0
1842,0.0,0.0,0.0
1843,0.0,0.0,0.0
1844,0.0,0.0,0.0
1845,0.0,0.0,0.0
1846,0.0,0.0,0.0
1847,0.0,0.0,0.0
1848,0.0,0.0,0.0
1849,0.0,0.0,0.0
1850,0.0,0.0,0.0
1851,0.0,0.0,0.0
1852,0.0,0.0,0.0
1853,0.0,0.0,0.0
1854,0.0,0.0,0.0
1855,0.0,0.0,0.0
1856,0.0,0.0,0.0
1857,0.0,0.0,0.0
1858,0.0,0.0,0.0
1859,0.0,0.0,0.0
1860,0.0,0.0,0.0
1861,0.0,0.0,0.0
1862,0.0,0.0,0.0
1863,0.0,0.0,0.0
1864,0.0,0.0,0.0
1865,0.0,0.0,0.0
1866,0.0,0.0,0.0
1867,0.0,0.0,0.0
1868,0.0,0.0,0.0
1869,0.0,0.0,0.0
1870,0.0,0.0,0.0
1871,0.0,0.0,0.0
1872,0.0,0.0,0.0
1873,0.0,0.0,0.0
1874,0.0,0.0,0.0
1875,0.0,0.0,0.0
1876,0.0,0.0,0.0
1877,0.0,0.0,0.0
1878,0.0,0.0,0.0
1879,0.0,0.0,0.0
1880,0.0,0.0,0.0
1881,0.0,0.0,0.0
1882,0.0,0.0,0.0
1883,0.0,0.0,0.0
1884,0.0,0.0,0.0
1885,0.0,0.0,0.0
1886,0.0,0.0,0.0
1887,0.0,0.0,0.0
1888,0.0,0.0,0.0
1889,0.0,0.0,0.0
1890,0.0,0.0,0.0
1891,0.0,0.0,0.0
1892,0.0,0.0,0.0
1893,0.0,0.0,0.0
1894,0.0,0.0,0.0
1895,0.0,0.0,0.0
1896,0.0,0.0,0.0
1897,0.0,0.0,0.0
1898,0.0,0.0,0.0
1899,0.0,0.0,0.0
1900,0.0,0.0,0.0
1901,0.0,0.0,0.0
1902,0.0,0.0,0.0
1903,0.0,0.0,0.0
1904,0.0,0.0,0.0
1905,0.0,0.0,0.0
1906,0.0,0.0,0.0
1907,0.0,0.0,0.0
1908,0.0,0.0,0.0
1909,0.0,0.0,0.0
1910,0.0,0.0,0.0
1911,0.0,0.0,0.0
1912,0.0,0.0,0.0
1913,0.0,0.0,0.0
1914,0.0,0.0,0.0
1915,0.0,0.0,0.0
1916,0.0,0.0,0.0
1917,0.0,0.0,0.0
1918,0.0,0.0,0.0
1919,0.0,0.0,0.0
1920,0.0,0.0,0.0
1921,0.0,0.0,0.0
1922,0.0,0.0,0.0
1923,0.0,0.0,0.0
1924,0.0,0.0,0.0
1925,0.0,0.0,0.0
1926,0.0,0.0,0.0
1927,0.0,0.0,0.0
1928,0.0,0.0,0.0
1929,0.0,0.0,0.0
1930,0.0,0.0,0.0
1931,0.0,0.0,0.0
1932,0.0,0.0,0.0
1933,0.0,0.0,0.0
1934,0.0,0.0,0.0
1935,0.0,0.0,0.0
1936,0.0,0.0,0.0
1937,0.0,0.0,0.0
1938,0.0,0.0,0.0
1939,0.0,0.0,0.0
1940,0.0,0.0,0.0
1941,0.0,0.0,0.0
1942,0.0,0.0,0.0
1943,0.0,0.0,0.0
1944,0.0,0.0,0.0
1945,0.0,0.0,0.0
1946,0.0,0.0,0.0
1947,0.0,0.0,0.0
1948,0.0,0.0,0.0
1949,0.0,0.0,0.0
1950,0.127,0.00043599999999999997,0.0
1951,0.143,0.00041799999999999997,0.0
1952,0.167,0.00051,0.0
1953,0.18,0.0006730000000000001,0.0
1954,0.167,0.000628,0.0
1955,0.184,0.0008110000000000001,0.0
1956,0.208,0.00106,0.0
1957,0.167,0.00107,0.0
1958,0.184,0.0012900000000000001,0.0
1959,0.208,0.00139,0.0
1960,0.2,0.00149,0.0
1961,0.172,0.0014199999999999998,0.0
1962,0.241,0.00196,0.0
1963,0.253,0.00215,0.0
1964,0.425,0.0185,0.0
1965,0.339,0.0215,0.0
1966,0.31,0.0252,0.0
1967,0.343,0.0255,0.0
1968,0.384,0.0297,0.0
1969,0.425,0.030100000000000002,0.0
1970,0.511,0.0335,0.0
1971,0.527,0.044700000000000004,0.0
1972,0.555,0.0484,0.0
1973,0.609,0.048600000000000004,0.0
1974,0.653,0.0451,0.0
1975,0.609,0.042,0.0
1976,0.47,0.0366,0.0
1977,0.76,0.039700000000000006,0.0
1978,0.711,0.0443,0.0
1979,0.85,0.0506,0.0
1980,0.805,0.0435,0.0
1981,1.09,0.0495,0.0
1982,0.866,0.046299999999999994,0.0
1983,0.723,0.0545,0.0
1984,0.58,0.047,0.0
1985,0.58,0.045700000000000005,0.0
1986,0.596,0.045200000000000004,0.0
1987,0.478,0.0288,0.0
1988,0.568,0.022600000000000002,0.0
1989,0.641,0.0285,0.0
1990,0.87,0.0364,0.0
1991,0.711,0.037200000000000004,0.0
1992,0.792,0.038700000000000005,0.0
1993,0.792,0.0373,0.0
1994,0.776,0.0431,0.0
1995,0.803,0.0417,0.0
1996,0.882,0.039,0.0
1997,0.849,0.0439,0.0
1998,0.831,0.041299999999999996,0.0
1999,0.854,0.0436,0.0
2000,0.923,0.0439,0.0
2001,1.19,0.00553,0.0
2002,0.999,0.00532,0.0
2003,1.19,0.0055899999999999995,0.0
2004,1.57,0.006549999999999999,0.0
2005,1.32,0.00671,0.0
2006,1.55,0.0075899999999999995,8.999999999999999e-05
2007,1.44,0.00767,8.999999999999999e-05
2008,1.48,0.00692,0.00013000000000000002
2009,1.49,0.00662,0.00019
2010,1.58,0.00787,8.999999999999999e-05
2011,1.53,0.00666,2.9999999999999997e-05
2012,1.48,0.010199999999999999,5.8e-05
2013,1.7,0.013900000000000001,4.2000000000000004e-05
2014,1.93,0.009470000000000001,2.6e-05
2015,2.39,0.00758,1e-05
2016,2.19,0.0108,0.0
2017,2.37,0.00839,0.0
2018,2.41,0.00722,0.0
2019,2.45,0.00724,0.0
2020,2.22,0.0043,0.0
2021,1.78,0.0047599999999999995,0.0
2022,2.27,0.00492,0.0
2023,2.51,0.0046,0.0
2024,2.6,0.00431,0.0
2025,2.62,0.00454,0.0
